{
  "version": 4,
  "name": "evansremains.zip",
  "items": [
    "Evans Remains.sh",
    "evansremains"
  ],
  "items_opt": [],
  "attr": {
    "title": "Evan's Remains",
    "porter": [
      "rotopenguin"
    ],
    "desc": "Evan's Remains is a mystery-thriller puzzle adventure about finding a missing boy: Evan. The game combines logic-based platform puzzles with narrative inspired by Japanese graphic adventure games.",
    "desc_md": null,
    "inst": "Add the itch.io game files to assets/ . Steam files known not to work.",
    "inst_md": null,
    "genres": [
      "platformer",
      "puzzle"
    ],
    "image": null,
    "rtr": false,
    "exp": false,
    "runtime": [],
    "store": [
      {
        "name": "Itchio",
        "gameurl": "https://maitan69.itch.io/evans-remains",
        "developerurl": "https://whitethorngames.com/evans-remains"
      }
    ],
    "availability": "paid",
    "reqs": [
      "!lowres"
    ],
    "arch": [
      "aarch64"
    ],
    "min_glibc": ""
  }
}
